{"cameraMode":{"drawMode":0,"name":"Shaded","section":"Shading Mode"},"sceneLighting":true,"audioPlay":false,"sceneViewState":{"showFog":true,"showMaterialUpdate":false,"showSkybox":true,"showFlares":true,"showImageEffects":true,"showParticleSystems":true},"in2DMode":false,"pivot":{"x":-1.3317086696624756,"y":-21.51202392578125,"z":-15.697929382324219},"rotation":{"x":-0.6320619583129883,"y":0.012085109949111939,"z":-0.009859240613877774,"w":-0.7747623324394226},"size":83.06864166259766,"orthographic":false}